"ID","name","ip","score","level","data","ts"
5,test,::1,2,"",{},"2021-11-03 11:24:10"
15,Roman,"185.110.90.65",10,"","{""tricks"":[{""parsed"":""AO PStar"",""orig"":""Forwards | Inspin 180 | PStar"",""points"":""3""},{""parsed"":""BS Tabernacle to 180 out"",""orig"":""Forwards | BS Tabernacle | Inspin 180"",""points"":""3""},{""parsed"":""True Mizou to 180 out"",""orig"":""Forwards | Outspin 180 | Mizou | Outspin 180 "",""points"":""3""},{""parsed"":""Acid"",""orig"":""Forwards | Acid"",""points"":""1""}],""config"":{""level"":""1"",""spins"":""5""}}","2021-11-03 11:24:51"
25,AlexG,"78.97.147.47",10,"","{""tricks"":[{""parsed"":""True Soul"",""orig"":""Forwards | Outspin 180 | Soul"",""points"":""2""},{""parsed"":""Torque Soul"",""orig"":""Forwards | Torque Soul"",""points"":""2""},{""parsed"":""BS Royale to Fakie out"",""orig"":""Forwards | BS Royale | Fakie"",""points"":""2""},{""parsed"":""AO Mistrial to 180 out"",""orig"":""Forwards | Inspin 180 | Mistrial | Inspin 180"",""points"":""4""}],""config"":{""level"":""1"",""spins"":""5""}}","2021-11-03 18:09:06"
35,Ivashka,"185.215.60.245",24,"","{""tricks"":[{""parsed"":""Fakie BS Unity to 270 out"",""orig"":""Fakie | None BS Unity | 270"",""points"":""5""},{""parsed"":""360 Tough Makio"",""orig"":""Forwards | Inspin 360 | Tough Makio"",""points"":""5""},{""parsed"":""Soyale to 540 out"",""orig"":""Forwards | Inspin 180 | None Torque Soul | Inspin 540"",""points"":""6""},{""parsed"":""540 AO Teakettle to 180 out"",""orig"":""Forwards | Inspin 540 | Rough PStar | Inspin 180"",""points"":""8""}],""config"":{""level"":""3"",""spins"":""5""}}","2021-11-03 21:38:26"
45,Ivashka,"185.215.60.245",29,"","{""tricks"":[{""parsed"":""Switch 630 FS Royale to Fakie out"",""orig"":""Switch | Outspin 630 | None FS Royale | Fakie"",""points"":""7""},{""parsed"":""540 AO Soul to 180 out"",""orig"":""Forwards | Inspin 540 | None Soul | Inspin 180"",""points"":""5""},{""parsed"":""Switch Mistrial to 720 out"",""orig"":""Switch | None Mistrial | Outspin 720"",""points"":""7""},{""parsed"":""True Fullcab 720 Citric Acid"",""orig"":""Fakie | Outspin 720 | None Citric Acid"",""points"":""8""},{""parsed"":""BS Torque"",""orig"":""Forwards | None BS Torque | Forwards"",""points"":""2""}],""config"":{""level"":""3"",""spins"":""5""}}","2021-11-04 04:47:10"
55,Roman,"185.110.90.65",8,"","{""tricks"":[{""parsed"":""Mizou to 180 out"",""orig"":""Forwards | Mizou | Inspin 180"",""points"":""2""},{""parsed"":""FS Unity"",""orig"":""Forwards | FS Unity | Forwards"",""points"":""2""},{""parsed"":""BS Torque"",""orig"":""Forwards | BS Torque | Forwards"",""points"":""2""},{""parsed"":""BS Full Torque to Fakie out"",""orig"":""Forwards | BS Full Torque | Fakie"",""points"":""2""}],""config"":{""level"":""1"",""spins"":""5""}}","2021-11-06 18:34:23"
65,Roman,"185.110.90.65",8,"","{""tricks"":[{""parsed"":""Mizou to 180 out"",""orig"":""Forwards | Mizou | Outspin 180 "",""points"":""2""},{""parsed"":""AO PStar to 180 rewind out"",""orig"":""Forwards | Inspin 180 | PStar | Outspin 180 "",""points"":""4""},{""parsed"":""Acid to 180 out"",""orig"":""Forwards | Acid | Inspin 180"",""points"":""2""}],""config"":{""level"":""1"",""spins"":""5""}}","2021-11-10 07:16:37"
75,Bill,"172.58.137.134",31,"","{""tricks"":[{""parsed"":""720 Hurricane X-Grind to 540 rewind out"",""orig"":""Forwards | Outspin 720 | None X-Grind | Inspin 540"",""points"":""9""},{""parsed"":""AO Top Soul to 720 out"",""orig"":""Forwards | Inspin 180 | Topside Soul | Inspin 720"",""points"":""7""},{""parsed"":""Switch 270 FS Royale to 450 out"",""orig"":""Switch | Outspin 270 | None FS Royale | 450"",""points"":""8""},{""parsed"":""Backside"",""orig"":""Forwards | None Backside | Forwards"",""points"":""1""},{""parsed"":""630 BS Unity"",""orig"":""Forwards | Inspin 630 | None BS Unity | Forwards"",""points"":""6""}],""config"":{""level"":""3"",""spins"":""5""}}","2021-11-13 14:24:27"
85,Roman,"185.110.90.65",3,"","{""tricks"":{""tricks"":[{""parsed"":""FS Fastslide"",""orig"":""Forwards | FS Fastslide | Forwards"",""points"":""3""}],""skipped"":[{""parsed"":""FS Fastslide"",""orig"":""Forwards | FS Fastslide | Forwards"",""points"":""3""}]},""config"":{""level"":""1"",""spins"":""2""}}","2021-11-14 13:47:09"
95,Roman,"185.110.90.65",2,"","{""tricks"":{""tricks"":[{""parsed"":""Makio to 180 out"",""orig"":""Forwards | Makio | Inspin 180"",""points"":""2""}],""skipped"":[{""parsed"":""Makio to 180 out"",""orig"":""Forwards | Makio | Inspin 180"",""points"":""2""}]},""config"":{""level"":""1"",""spins"":""2""}}","2021-11-14 13:48:09"
105,Tom,"185.110.90.65",10,"","{""tricks"":{""tricks"":[{""parsed"":""PStar"",""orig"":""Forwards | PStar"",""points"":""2""},{""parsed"":""Soyale to 180 out"",""orig"":""Forwards | Inspin 180 | Torque Soul | Inspin 180"",""points"":""4""},{""parsed"":""BS Torque to Fakie out"",""orig"":""Forwards | BS Torque | Fakie"",""points"":""2""},{""parsed"":""AO Makio"",""orig"":""Forwards | Inspin 180 | Makio"",""points"":""2""}],""skipped"":[{""parsed"":""PStar"",""orig"":""Forwards | PStar"",""points"":""2""},{""parsed"":""Soyale to 180 out"",""orig"":""Forwards | Inspin 180 | Torque Soul | Inspin 180"",""points"":""4""},{""parsed"":""BS Torque to Fakie out"",""orig"":""Forwards | BS Torque | Fakie"",""points"":""2""},{""parsed"":""AO Makio"",""orig"":""Forwards | Inspin 180 | Makio"",""points"":""2""}]},""config"":{""level"":""1"",""spins"":""5""}}","2021-11-20 18:01:59"
115,Timo,"178.197.205.254",9,"","{""tricks"":{""tricks"":[{""parsed"":""AO Mizou"",""orig"":""Forwards | Inspin 180 | Mizou"",""points"":""2""},{""parsed"":""AO Makio to 180 out"",""orig"":""Forwards | Inspin 180 | Makio | Inspin 180"",""points"":""3""},{""parsed"":""Acid to 180 out"",""orig"":""Forwards | Acid | Inspin 180"",""points"":""2""},{""parsed"":""BS Unity to Fakie out"",""orig"":""Forwards | BS Unity | Fakie"",""points"":""2""}],""skipped"":[{""parsed"":""AO Mizou"",""orig"":""Forwards | Inspin 180 | Mizou"",""points"":""2""},{""parsed"":""AO Makio to 180 out"",""orig"":""Forwards | Inspin 180 | Makio | Inspin 180"",""points"":""3""},{""parsed"":""Acid to 180 out"",""orig"":""Forwards | Acid | Inspin 180"",""points"":""2""},{""parsed"":""BS Unity to Fakie out"",""orig"":""Forwards | BS Unity | Fakie"",""points"":""2""}]},""config"":{""level"":""1"",""spins"":""5""}}","2021-12-03 15:47:20"
125,Greg,"178.197.205.254",11,"","{""tricks"":{""tricks"":[{""parsed"":""AO PStar to 180 out"",""orig"":""Forwards | Inspin 180 | None PStar | Inspin 180"",""points"":""4""},{""parsed"":""AO Mistrial to 180 rewind out"",""orig"":""Forwards | Inspin 180 | None Mistrial | Outspin 180 "",""points"":""4""},{""parsed"":""Hot Dog to 180 out"",""orig"":""Forwards | None Hot Dog | Outspin 180 "",""points"":""3""}],""skipped"":[{""parsed"":""AO PStar to 180 out"",""orig"":""Forwards | Inspin 180 | None PStar | Inspin 180"",""points"":""4""},{""parsed"":""AO Mistrial to 180 rewind out"",""orig"":""Forwards | Inspin 180 | None Mistrial | Outspin 180 "",""points"":""4""},{""parsed"":""Hot Dog to 180 out"",""orig"":""Forwards | None Hot Dog | Outspin 180 "",""points"":""3""}]},""config"":{""level"":""2"",""spins"":""5""}}","2021-12-03 15:48:14"
135,Greg,"178.197.205.254",17,"","{""tricks"":{""tricks"":[{""parsed"":""True Top Soul"",""orig"":""Forwards | Outspin 180 | Topside Soul"",""points"":""3""},{""parsed"":""Top Torque Soul to 180 out"",""orig"":""Forwards | Topside Torque Soul | Outspin 180 "",""points"":""4""},{""parsed"":""Kindgrind to 180 rewind out"",""orig"":""Forwards | Inspin 180 | Topside Mizou | Outspin 180 "",""points"":""4""},{""parsed"":""Negative Mistrial to 360 out"",""orig"":""Forwards | Negative Mistrial | Inspin 360"",""points"":""6""}],""skipped"":[{""parsed"":""True Top Soul"",""orig"":""Forwards | Outspin 180 | Topside Soul"",""points"":""3""},{""parsed"":""Top Torque Soul to 180 out"",""orig"":""Forwards | Topside Torque Soul | Outspin 180 "",""points"":""4""},{""parsed"":""Kindgrind to 180 rewind out"",""orig"":""Forwards | Inspin 180 | Topside Mizou | Outspin 180 "",""points"":""4""},{""parsed"":""Negative Mistrial to 360 out"",""orig"":""Forwards | Negative Mistrial | Inspin 360"",""points"":""6""}]},""config"":{""level"":""2"",""spins"":""5""}}","2021-12-03 15:49:09"
145,Roman,"178.197.205.254",5,"","{""tricks"":{""tricks"":[{""parsed"":""Mistrial to 180 out"",""orig"":""Forwards | Mistrial | Outspin 180 "",""points"":""3""},{""parsed"":""BS Torque to Fakie out"",""orig"":""Forwards | BS Torque | Fakie"",""points"":""2""}],""skipped"":[{""parsed"":""Mistrial to 180 out"",""orig"":""Forwards | Mistrial | Outspin 180 "",""points"":""3""},{""parsed"":""BS Torque to Fakie out"",""orig"":""Forwards | BS Torque | Fakie"",""points"":""2""}]},""config"":{""level"":""1"",""spins"":""5""}}","2021-12-03 15:50:03"
155,Legwan,"5.173.42.147",8,"","{""tricks"":{""tricks"":[{""parsed"":""Mizou to 180 out"",""orig"":""Forwards | Mizou | Outspin 180 "",""points"":""2""},{""parsed"":""FS Unity"",""orig"":""Forwards | FS Unity | Forwards"",""points"":""2""},{""parsed"":""Frontside"",""orig"":""Forwards | Frontside | Forwards"",""points"":""1""},{""parsed"":""BS Royale"",""orig"":""Forwards | BS Royale | Forwards"",""points"":""2""},{""parsed"":""Acid"",""orig"":""Forwards | Acid"",""points"":""1""}],""skipped"":[{""parsed"":""Mizou to 180 out"",""orig"":""Forwards | Mizou | Outspin 180 "",""points"":""2""},{""parsed"":""FS Unity"",""orig"":""Forwards | FS Unity | Forwards"",""points"":""2""},{""parsed"":""Frontside"",""orig"":""Forwards | Frontside | Forwards"",""points"":""1""},{""parsed"":""BS Royale"",""orig"":""Forwards | BS Royale | Forwards"",""points"":""2""},{""parsed"":""Acid"",""orig"":""Forwards | Acid"",""points"":""1""}]},""config"":{""level"":""1"",""spins"":""5""}}","2021-12-07 13:11:53"
165,Gavin,"75.16.193.31",8,"","{""tricks"":{""tricks"":[{""parsed"":""Soul to 180 out"",""orig"":""Forwards | Soul | Inspin 180"",""points"":""2""},{""parsed"":""Frontside to Fakie out"",""orig"":""Forwards | Frontside | Fakie"",""points"":""1""},{""parsed"":""Mizou"",""orig"":""Forwards | Mizou"",""points"":""1""},{""parsed"":""BS Tabernacle"",""orig"":""Forwards | BS Tabernacle"",""points"":""2""},{""parsed"":""FS Tabernacle"",""orig"":""Forwards | FS Tabernacle"",""points"":""2""}],""skipped"":[{""parsed"":""Soul to 180 out"",""orig"":""Forwards | Soul | Inspin 180"",""points"":""2""},{""parsed"":""Frontside to Fakie out"",""orig"":""Forwards | Frontside | Fakie"",""points"":""1""},{""parsed"":""Mizou"",""orig"":""Forwards | Mizou"",""points"":""1""},{""parsed"":""BS Tabernacle"",""orig"":""Forwards | BS Tabernacle"",""points"":""2""},{""parsed"":""FS Tabernacle"",""orig"":""Forwards | FS Tabernacle"",""points"":""2""}]},""config"":{""level"":""1"",""spins"":""5""}}","2021-12-12 03:25:25"
175,Gavin,"75.16.193.31",4,"","{""tricks"":{""tricks"":[{""parsed"":""Sweatstance"",""orig"":""Forwards | Topside Mizou"",""points"":""2""},{""parsed"":""Torque Soul"",""orig"":""Forwards | None Torque Soul"",""points"":""2""}],""skipped"":[{""parsed"":""Sweatstance"",""orig"":""Forwards | Topside Mizou"",""points"":""2""},{""parsed"":""Torque Soul"",""orig"":""Forwards | None Torque Soul"",""points"":""2""}]},""config"":{""level"":""2"",""spins"":""5""}}","2021-12-12 03:33:16"
185,Matt,"90.199.107.63",12,"","{""tricks"":{""tricks"":[{""parsed"":""FS Torque to Fakie out"",""orig"":""Forwards | FS Torque | Fakie"",""points"":""2""},{""parsed"":""True PStar to 180 rewind out"",""orig"":""Forwards | Outspin 180 | PStar | Inspin 180"",""points"":""4""},{""parsed"":""FS Backslide"",""orig"":""Forwards | FS Backslide | Forwards"",""points"":""2""},{""parsed"":""AO Soul"",""orig"":""Forwards | Inspin 180 | Soul"",""points"":""2""},{""parsed"":""Acid to 180 out"",""orig"":""Forwards | Acid | Inspin 180"",""points"":""2""}],""skipped"":[{""parsed"":""FS Torque to Fakie out"",""orig"":""Forwards | FS Torque | Fakie"",""points"":""2""},{""parsed"":""True PStar to 180 rewind out"",""orig"":""Forwards | Outspin 180 | PStar | Inspin 180"",""points"":""4""},{""parsed"":""FS Backslide"",""orig"":""Forwards | FS Backslide | Forwards"",""points"":""2""},{""parsed"":""AO Soul"",""orig"":""Forwards | Inspin 180 | Soul"",""points"":""2""},{""parsed"":""Acid to 180 out"",""orig"":""Forwards | Acid | Inspin 180"",""points"":""2""}]},""config"":{""level"":""1"",""spins"":""5""}}","2022-01-08 04:18:50"
195,Matt,"90.199.107.63",37,"","{""tricks"":{""tricks"":[{""parsed"":""Fakie 270 BS Royale to Fakie out"",""orig"":""Fakie | Inspin 270 | None BS Royale | Fakie"",""points"":""5""},{""parsed"":""Switch 720 Hurricane Soul to 720 rewind out"",""orig"":""Switch | Outspin 720 | None Soul | Inspin 720"",""points"":""10""},{""parsed"":""Rough Misfit"",""orig"":""Forwards | Inspin 180 | Rough Topside Mistrial"",""points"":""5""},{""parsed"":""720 Hurricane BS Tabernacle to 540 out"",""orig"":""Forwards | Outspin 720 | None BS Tabernacle | Outspin 540"",""points"":""9""},{""parsed"":""Halfcab Tough Sunny Day to 360 out"",""orig"":""Fakie | Inspin 180 | Tough Topside PStar | Inspin 360"",""points"":""8""}],""skipped"":[{""parsed"":""Fakie 270 BS Royale to Fakie out"",""orig"":""Fakie | Inspin 270 | None BS Royale | Fakie"",""points"":""5""},{""parsed"":""Switch 720 Hurricane Soul to 720 rewind out"",""orig"":""Switch | Outspin 720 | None Soul | Inspin 720"",""points"":""10""},{""parsed"":""Rough Misfit"",""orig"":""Forwards | Inspin 180 | Rough Topside Mistrial"",""points"":""5""},{""parsed"":""720 Hurricane BS Tabernacle to 540 out"",""orig"":""Forwards | Outspin 720 | None BS Tabernacle | Outspin 540"",""points"":""9""},{""parsed"":""Halfcab Tough Sunny Day to 360 out"",""orig"":""Fakie | Inspin 180 | Tough Topside PStar | Inspin 360"",""points"":""8""}]},""config"":{""level"":""3"",""spins"":""5""}}","2022-01-08 04:20:53"
205,Matt,"90.199.107.63",35,"","{""tricks"":{""tricks"":[{""parsed"":""Switch Halfcab Top Soul"",""orig"":""Fakie & Switch | Inspin 180 | Topside Soul"",""points"":""6""},{""parsed"":""Switch Frontside to 630 out"",""orig"":""Switch | None Frontside | 630"",""points"":""6""},{""parsed"":""Switch 630 FS Unity to 270 out"",""orig"":""Switch | Outspin 630 | None FS Unity | 270"",""points"":""9""},{""parsed"":""True Fullcab 540 Sunny Day"",""orig"":""Fakie | Outspin 540 | Topside PStar"",""points"":""7""},{""parsed"":""Fakie 540 Tough Acid"",""orig"":""Fakie | Inspin 540 | Tough Acid"",""points"":""7""}],""skipped"":[{""parsed"":""Switch Halfcab Top Soul"",""orig"":""Fakie & Switch | Inspin 180 | Topside Soul"",""points"":""6""},{""parsed"":""Switch Frontside to 630 out"",""orig"":""Switch | None Frontside | 630"",""points"":""6""},{""parsed"":""Switch 630 FS Unity to 270 out"",""orig"":""Switch | Outspin 630 | None FS Unity | 270"",""points"":""9""},{""parsed"":""True Fullcab 540 Sunny Day"",""orig"":""Fakie | Outspin 540 | Topside PStar"",""points"":""7""},{""parsed"":""Fakie 540 Tough Acid"",""orig"":""Fakie | Inspin 540 | Tough Acid"",""points"":""7""}]},""config"":{""level"":""3"",""spins"":""5""}}","2022-01-08 04:22:40"
215,Matt,"90.199.107.63",38,"","{""tricks"":{""tricks"":[{""parsed"":""True Halfcab Christ Fishbrain to 180 rewind out"",""orig"":""Fakie | Outspin 180 | Christ Topside Makio | Inspin 180"",""points"":""6""},{""parsed"":""Halfcab Rough Mizou to 540 out"",""orig"":""Fakie | Inspin 180 | Rough Mizou | Inspin 540"",""points"":""8""},{""parsed"":""Fakie 540 Top Soul to 360 out"",""orig"":""Fakie | Inspin 540 | Topside Soul | Inspin 360"",""points"":""8""},{""parsed"":""Fakie Switch 270 FS Royale to Fakie out"",""orig"":""Fakie & Switch | Outspin 270 | None FS Royale | Fakie"",""points"":""8""},{""parsed"":""Switch Stub Soul to 540 out"",""orig"":""Switch | Negative X-Grind | Inspin 540"",""points"":""8""}],""skipped"":[{""parsed"":""True Halfcab Christ Fishbrain to 180 rewind out"",""orig"":""Fakie | Outspin 180 | Christ Topside Makio | Inspin 180"",""points"":""6""},{""parsed"":""Halfcab Rough Mizou to 540 out"",""orig"":""Fakie | Inspin 180 | Rough Mizou | Inspin 540"",""points"":""8""},{""parsed"":""Fakie 540 Top Soul to 360 out"",""orig"":""Fakie | Inspin 540 | Topside Soul | Inspin 360"",""points"":""8""},{""parsed"":""Fakie Switch 270 FS Royale to Fakie out"",""orig"":""Fakie & Switch | Outspin 270 | None FS Royale | Fakie"",""points"":""8""},{""parsed"":""Switch Stub Soul to 540 out"",""orig"":""Switch | Negative X-Grind | Inspin 540"",""points"":""8""}]},""config"":{""level"":""4"",""spins"":""5""}}","2022-01-08 04:24:41"
225,Toga,"114.142.172.39",10,"","{""tricks"":{""tricks"":[{""parsed"":""AO Soul to 180 out"",""orig"":""Forwards | Inspin 180 | Soul | Inspin 180"",""points"":""3""},{""parsed"":""Acid to 180 out"",""orig"":""Forwards | Acid | Inspin 180"",""points"":""2""},{""parsed"":""Frontside"",""orig"":""Forwards | Frontside | Forwards"",""points"":""1""},{""parsed"":""Makio"",""orig"":""Forwards | Makio"",""points"":""1""},{""parsed"":""FS Fastslide"",""orig"":""Forwards | FS Fastslide | Forwards"",""points"":""3""}],""skipped"":[{""parsed"":""AO Soul to 180 out"",""orig"":""Forwards | Inspin 180 | Soul | Inspin 180"",""points"":""3""},{""parsed"":""Acid to 180 out"",""orig"":""Forwards | Acid | Inspin 180"",""points"":""2""},{""parsed"":""Frontside"",""orig"":""Forwards | Frontside | Forwards"",""points"":""1""},{""parsed"":""Makio"",""orig"":""Forwards | Makio"",""points"":""1""},{""parsed"":""FS Fastslide"",""orig"":""Forwards | FS Fastslide | Forwards"",""points"":""3""}]},""config"":{""level"":""1"",""spins"":""5""}}","2022-01-23 15:20:56"
235,Matt,"2.125.226.192",35,"","{""tricks"":{""tricks"":[{""parsed"":""True Fullcab 720 BS Byn Soul to 180 rewind out"",""orig"":""Fakie | Outspin 720 | None BS Byn Soul | Inspin 180"",""points"":""8""},{""parsed"":""True Rough Open Book to 720 out"",""orig"":""Forwards | Outspin 180 | Rough Open Book | Outspin 720"",""points"":""9""},{""parsed"":""Tough Top Torque Soul to 180 out"",""orig"":""Forwards | Tough Topside Torque Soul | Inspin 180"",""points"":""5""},{""parsed"":""630 BS Unity to Fakie out"",""orig"":""Forwards | Inspin 630 | None BS Unity | Fakie"",""points"":""6""},{""parsed"":""810 FS Royale"",""orig"":""Forwards | Inspin 810 | None FS Royale | Forwards"",""points"":""7""}],""skipped"":[{""parsed"":""True Fullcab 720 BS Byn Soul to 180 rewind out"",""orig"":""Fakie | Outspin 720 | None BS Byn Soul | Inspin 180"",""points"":""8""},{""parsed"":""True Rough Open Book to 720 out"",""orig"":""Forwards | Outspin 180 | Rough Open Book | Outspin 720"",""points"":""9""},{""parsed"":""Tough Top Torque Soul to 180 out"",""orig"":""Forwards | Tough Topside Torque Soul | Inspin 180"",""points"":""5""},{""parsed"":""630 BS Unity to Fakie out"",""orig"":""Forwards | Inspin 630 | None BS Unity | Fakie"",""points"":""6""},{""parsed"":""810 FS Royale"",""orig"":""Forwards | Inspin 810 | None FS Royale | Forwards"",""points"":""7""}]},""config"":{""level"":""4"",""spins"":""5""}}","2022-02-10 23:56:54"
245,Adri,"177.245.203.146",5,"","{""tricks"":{""tricks"":[{""parsed"":""AO Makio"",""orig"":""Forwards | Inspin 180 | Makio"",""points"":""2""},{""parsed"":""Backside to Fakie out"",""orig"":""Forwards | Backside | Fakie"",""points"":""1""},{""parsed"":""BS Royale to Fakie out"",""orig"":""Forwards | BS Royale | Fakie"",""points"":""2""}],""skipped"":[{""parsed"":""AO Makio"",""orig"":""Forwards | Inspin 180 | Makio"",""points"":""2""},{""parsed"":""Backside to Fakie out"",""orig"":""Forwards | Backside | Fakie"",""points"":""1""},{""parsed"":""BS Royale to Fakie out"",""orig"":""Forwards | BS Royale | Fakie"",""points"":""2""}]},""config"":{""level"":""1"",""spins"":""5""}}","2022-02-16 23:03:40"
255,Markfreestyle,"93.40.211.115",11,"","{""tricks"":{""tricks"":[{""parsed"":""PStar"",""orig"":""Forwards | PStar"",""points"":""2""},{""parsed"":""BS Torque to Fakie out"",""orig"":""Forwards | BS Torque | Fakie"",""points"":""2""},{""parsed"":""FS Fastslide"",""orig"":""Forwards | FS Fastslide | Forwards"",""points"":""3""},{""parsed"":""FS Unity"",""orig"":""Forwards | FS Unity | Forwards"",""points"":""2""},{""parsed"":""FS Royale to Fakie out"",""orig"":""Forwards | FS Royale | Fakie"",""points"":""2""}],""skipped"":[{""parsed"":""PStar"",""orig"":""Forwards | PStar"",""points"":""2""},{""parsed"":""BS Torque to Fakie out"",""orig"":""Forwards | BS Torque | Fakie"",""points"":""2""},{""parsed"":""FS Fastslide"",""orig"":""Forwards | FS Fastslide | Forwards"",""points"":""3""},{""parsed"":""FS Unity"",""orig"":""Forwards | FS Unity | Forwards"",""points"":""2""},{""parsed"":""FS Royale to Fakie out"",""orig"":""Forwards | FS Royale | Fakie"",""points"":""2""}]},""config"":{""level"":""1"",""spins"":""5""}}","2022-03-05 18:19:25"
265,Robert,"172.115.178.39",11,"","{""tricks"":{""tricks"":[{""parsed"":""AO Soul to 180 out"",""orig"":""Forwards | Inspin 180 | Soul | Inspin 180"",""points"":""3""},{""parsed"":""True Mistrial to 180 rewind out"",""orig"":""Forwards | Outspin 180 | Mistrial | Inspin 180"",""points"":""4""},{""parsed"":""Acid to 180 out"",""orig"":""Forwards | Acid | Inspin 180"",""points"":""2""},{""parsed"":""BS Full Torque to Fakie out"",""orig"":""Forwards | BS Full Torque | Fakie"",""points"":""2""}],""skipped"":[{""parsed"":""AO Soul to 180 out"",""orig"":""Forwards | Inspin 180 | Soul | Inspin 180"",""points"":""3""},{""parsed"":""True Mistrial to 180 rewind out"",""orig"":""Forwards | Outspin 180 | Mistrial | Inspin 180"",""points"":""4""},{""parsed"":""Acid to 180 out"",""orig"":""Forwards | Acid | Inspin 180"",""points"":""2""},{""parsed"":""BS Full Torque to Fakie out"",""orig"":""Forwards | BS Full Torque | Fakie"",""points"":""2""}]},""config"":{""level"":""1"",""spins"":""5""}}","2022-03-19 22:48:01"
275,Kraze,"73.52.65.139",7,"","{""tricks"":{""tricks"":[{""parsed"":""AO PStar"",""orig"":""Forwards | Inspin 180 | PStar"",""points"":""3""},{""parsed"":""BS Torque to Fakie out"",""orig"":""Forwards | BS Torque | Fakie"",""points"":""2""},{""parsed"":""Mizou"",""orig"":""Forwards | Mizou"",""points"":""1""},{""parsed"":""Makio"",""orig"":""Forwards | Makio"",""points"":""1""}],""skipped"":[{""parsed"":""AO PStar"",""orig"":""Forwards | Inspin 180 | PStar"",""points"":""3""},{""parsed"":""BS Torque to Fakie out"",""orig"":""Forwards | BS Torque | Fakie"",""points"":""2""},{""parsed"":""Mizou"",""orig"":""Forwards | Mizou"",""points"":""1""},{""parsed"":""Makio"",""orig"":""Forwards | Makio"",""points"":""1""}]},""config"":{""level"":""1"",""spins"":""5""}}","2022-03-27 23:18:04"
285,Kraze,"73.52.65.139",9,"","{""tricks"":{""tricks"":[{""parsed"":""Makio"",""orig"":""Forwards | Makio"",""points"":""1""},{""parsed"":""BS Fastslide"",""orig"":""Forwards | BS Fastslide | Forwards"",""points"":""3""},{""parsed"":""BS Unity to Fakie out"",""orig"":""Forwards | BS Unity | Fakie"",""points"":""2""},{""parsed"":""Frontside"",""orig"":""Forwards | Frontside | Forwards"",""points"":""1""},{""parsed"":""Mistrial"",""orig"":""Forwards | Mistrial"",""points"":""2""}],""skipped"":[{""parsed"":""Makio"",""orig"":""Forwards | Makio"",""points"":""1""},{""parsed"":""BS Fastslide"",""orig"":""Forwards | BS Fastslide | Forwards"",""points"":""3""},{""parsed"":""BS Unity to Fakie out"",""orig"":""Forwards | BS Unity | Fakie"",""points"":""2""},{""parsed"":""Frontside"",""orig"":""Forwards | Frontside | Forwards"",""points"":""1""},{""parsed"":""Mistrial"",""orig"":""Forwards | Mistrial"",""points"":""2""}]},""config"":{""level"":""1"",""spins"":""5""}}","2022-03-27 23:20:16"
295,HighscoreHitter,"178.197.212.101",42,"","{""tricks"":{""tricks"":[{""parsed"":""Switch True Fullcab 720 FS Wheelbarrow to 180 rewind out"",""orig"":""Fakie & Switch | Outspin 720 | None FS Wheelbarrow | Inspin 180"",""points"":""10""},{""parsed"":""Top X-Grind to 180 out"",""orig"":""Forwards | Topside X-Grind | Inspin 180"",""points"":""4""},{""parsed"":""810 Channel FS Royale"",""orig"":""Forwards | Inspin 810 | Channel FS Royale | Forwards"",""points"":""9""},{""parsed"":""540 AO BS Darkslide"",""orig"":""Forwards | Inspin 540 | None BS Darkslide"",""points"":""5""},{""parsed"":""True Fullcab 720 Top Citric Acid to 900 rewind out"",""orig"":""Fakie | Outspin 720 | Topside Citric Acid | Inspin 900"",""points"":""14""}],""skipped"":[{""parsed"":""Switch True Fullcab 720 FS Wheelbarrow to 180 rewind out"",""orig"":""Fakie & Switch | Outspin 720 | None FS Wheelbarrow | Inspin 180"",""points"":""10""},{""parsed"":""Top X-Grind to 180 out"",""orig"":""Forwards | Topside X-Grind | Inspin 180"",""points"":""4""},{""parsed"":""810 Channel FS Royale"",""orig"":""Forwards | Inspin 810 | Channel FS Royale | Forwards"",""points"":""9""},{""parsed"":""540 AO BS Darkslide"",""orig"":""Forwards | Inspin 540 | None BS Darkslide"",""points"":""5""},{""parsed"":""True Fullcab 720 Top Citric Acid to 900 rewind out"",""orig"":""Fakie | Outspin 720 | Topside Citric Acid | Inspin 900"",""points"":""14""}]},""config"":{""level"":""4"",""spins"":""5""}}","2022-04-10 15:47:51"
305,HighscoreHitter,"178.197.212.101",48,"","{""tricks"":{""tricks"":[{""parsed"":""True Fullcab 900 Rough Fishbrain to 540 out"",""orig"":""Fakie | Outspin 900 | Rough Topside Makio | Outspin 540"",""points"":""12""},{""parsed"":""AO Tough Training Wheel to 900 out"",""orig"":""Forwards | Inspin 180 | Tough Training Wheel | Inspin 900"",""points"":""10""},{""parsed"":""Switch True Fullcab Mizou to 900 out"",""orig"":""Fakie & Switch | Outspin 360 | None Mizou | Outspin 900"",""points"":""11""},{""parsed"":""Halfcab BS Darkslide to 900 out"",""orig"":""Fakie | Inspin 180 | None BS Darkslide | Inspin 900"",""points"":""9""},{""parsed"":""AO Teakettle to 180 rewind out"",""orig"":""Forwards | Inspin 180 | Rough PStar | Outspin 180 "",""points"":""6""}],""skipped"":[{""parsed"":""True Fullcab 900 Rough Fishbrain to 540 out"",""orig"":""Fakie | Outspin 900 | Rough Topside Makio | Outspin 540"",""points"":""12""},{""parsed"":""AO Tough Training Wheel to 900 out"",""orig"":""Forwards | Inspin 180 | Tough Training Wheel | Inspin 900"",""points"":""10""},{""parsed"":""Switch True Fullcab Mizou to 900 out"",""orig"":""Fakie & Switch | Outspin 360 | None Mizou | Outspin 900"",""points"":""11""},{""parsed"":""Halfcab BS Darkslide to 900 out"",""orig"":""Fakie | Inspin 180 | None BS Darkslide | Inspin 900"",""points"":""9""},{""parsed"":""AO Teakettle to 180 rewind out"",""orig"":""Forwards | Inspin 180 | Rough PStar | Outspin 180 "",""points"":""6""}]},""config"":{""level"":""4"",""spins"":""5""}}","2022-04-10 15:49:49"
315,NJH,"138.199.42.132",1,"","{""tricks"":{""tricks"":[{""parsed"":""Makio"",""orig"":""Forwards | Makio"",""points"":""1""}],""skipped"":[{""parsed"":""Makio"",""orig"":""Forwards | Makio"",""points"":""1""}]},""config"":{""level"":""1"",""spins"":""5""}}","2022-06-13 15:31:12"
325,jmeker,"89.136.40.29",9,"","{""tricks"":{""tricks"":[{""parsed"":""PStar to 180 out"",""orig"":""Forwards | PStar | Inspin 180"",""points"":""3""},{""parsed"":""AO Acid"",""orig"":""Forwards | Inspin 180 | Acid"",""points"":""2""},{""parsed"":""BS Torque"",""orig"":""Forwards | BS Torque | Forwards"",""points"":""2""},{""parsed"":""FS Torque to Fakie out"",""orig"":""Forwards | FS Torque | Fakie"",""points"":""2""}],""skipped"":[{""parsed"":""PStar to 180 out"",""orig"":""Forwards | PStar | Inspin 180"",""points"":""3""},{""parsed"":""AO Acid"",""orig"":""Forwards | Inspin 180 | Acid"",""points"":""2""},{""parsed"":""BS Torque"",""orig"":""Forwards | BS Torque | Forwards"",""points"":""2""},{""parsed"":""FS Torque to Fakie out"",""orig"":""Forwards | FS Torque | Fakie"",""points"":""2""}]},""config"":{""level"":""1"",""spins"":""5""}}","2022-06-29 17:18:02"
335,Pogosk8,"77.23.248.23",13,"","{""tricks"":{""tricks"":[{""parsed"":""BS Backslide to Fakie out"",""orig"":""Forwards | BS Backslide | Fakie"",""points"":""2""},{""parsed"":""BS Torque to Fakie out"",""orig"":""Forwards | BS Torque | Fakie"",""points"":""2""},{""parsed"":""AO PStar to 180 out"",""orig"":""Forwards | Inspin 180 | PStar | Inspin 180"",""points"":""4""},{""parsed"":""True Soyale"",""orig"":""Forwards | Outspin 180 | Torque Soul"",""points"":""3""},{""parsed"":""Acid to 180 out"",""orig"":""Forwards | Acid | Inspin 180"",""points"":""2""}],""skipped"":[{""parsed"":""BS Backslide to Fakie out"",""orig"":""Forwards | BS Backslide | Fakie"",""points"":""2""},{""parsed"":""BS Torque to Fakie out"",""orig"":""Forwards | BS Torque | Fakie"",""points"":""2""},{""parsed"":""AO PStar to 180 out"",""orig"":""Forwards | Inspin 180 | PStar | Inspin 180"",""points"":""4""},{""parsed"":""True Soyale"",""orig"":""Forwards | Outspin 180 | Torque Soul"",""points"":""3""},{""parsed"":""Acid to 180 out"",""orig"":""Forwards | Acid | Inspin 180"",""points"":""2""}]},""config"":{""level"":""1"",""spins"":""5""}}","2022-09-21 21:24:52"
345,Pogosk8,"77.23.248.23",7,"","{""tricks"":{""tricks"":[{""parsed"":""Makio"",""orig"":""Forwards | Makio"",""points"":""1""},{""parsed"":""BS Royale to Fakie out"",""orig"":""Forwards | BS Royale | Fakie"",""points"":""2""},{""parsed"":""Soyale to 180 out"",""orig"":""Forwards | Inspin 180 | Torque Soul | Inspin 180"",""points"":""4""}],""skipped"":[{""parsed"":""Makio"",""orig"":""Forwards | Makio"",""points"":""1""},{""parsed"":""BS Royale to Fakie out"",""orig"":""Forwards | BS Royale | Fakie"",""points"":""2""},{""parsed"":""Soyale to 180 out"",""orig"":""Forwards | Inspin 180 | Torque Soul | Inspin 180"",""points"":""4""}]},""config"":{""level"":""1"",""spins"":""5""}}","2022-09-21 21:26:47"
355,ToeBox,"77.23.248.12",40,"","{""tricks"":{""tricks"":[{""parsed"":""True Fullcab 900 BS Darkslide"",""orig"":""Fakie | Outspin 900 | None BS Darkslide"",""points"":""8""},{""parsed"":""FS Full Torque to Fakie out"",""orig"":""Forwards | None FS Full Torque | Fakie"",""points"":""2""},{""parsed"":""Halfcab Mizou to 900 rewind out"",""orig"":""Fakie | Inspin 180 | None Mizou | Outspin 900"",""points"":""8""},{""parsed"":""Fakie 630 BS Royale"",""orig"":""Fakie | Inspin 630 | None BS Royale | Forwards"",""points"":""7""},{""parsed"":""Switch 810 Channel BS Full Torque to 810 out"",""orig"":""Switch | Outspin 810 | Channel BS Full Torque | 810"",""points"":""15""}],""skipped"":[{""parsed"":""True Fullcab 900 BS Darkslide"",""orig"":""Fakie | Outspin 900 | None BS Darkslide"",""points"":""8""},{""parsed"":""FS Full Torque to Fakie out"",""orig"":""Forwards | None FS Full Torque | Fakie"",""points"":""2""},{""parsed"":""Halfcab Mizou to 900 rewind out"",""orig"":""Fakie | Inspin 180 | None Mizou | Outspin 900"",""points"":""8""},{""parsed"":""Fakie 630 BS Royale"",""orig"":""Fakie | Inspin 630 | None BS Royale | Forwards"",""points"":""7""},{""parsed"":""Switch 810 Channel BS Full Torque to 810 out"",""orig"":""Switch | Outspin 810 | Channel BS Full Torque | 810"",""points"":""15""}]},""config"":{""level"":""4"",""spins"":""5""}}","2022-10-20 22:34:06"
365,ToeBox,"77.23.248.12",46,"","{""tricks"":{""tricks"":[{""parsed"":""Fakie 900 Tough X-Grind to 900 rewind out"",""orig"":""Fakie | Inspin 900 | Tough X-Grind | Outspin 900"",""points"":""15""},{""parsed"":""Halfcab Teakettle to 180 out"",""orig"":""Fakie | Inspin 180 | Rough PStar | Inspin 180"",""points"":""7""},{""parsed"":""True Fullcab 720 Top Closed Book to 900 out"",""orig"":""Fakie | Outspin 720 | Topside Closed Book | Outspin 900"",""points"":""13""},{""parsed"":""BS Unity to 630 out"",""orig"":""Forwards | None BS Unity | 630"",""points"":""6""},{""parsed"":""Switch AO BS Tabernacle to 180 out"",""orig"":""Switch | Inspin 180 | None BS Tabernacle | Inspin 180"",""points"":""5""}],""skipped"":[{""parsed"":""Fakie 900 Tough X-Grind to 900 rewind out"",""orig"":""Fakie | Inspin 900 | Tough X-Grind | Outspin 900"",""points"":""15""},{""parsed"":""Halfcab Teakettle to 180 out"",""orig"":""Fakie | Inspin 180 | Rough PStar | Inspin 180"",""points"":""7""},{""parsed"":""True Fullcab 720 Top Closed Book to 900 out"",""orig"":""Fakie | Outspin 720 | Topside Closed Book | Outspin 900"",""points"":""13""},{""parsed"":""BS Unity to 630 out"",""orig"":""Forwards | None BS Unity | 630"",""points"":""6""},{""parsed"":""Switch AO BS Tabernacle to 180 out"",""orig"":""Switch | Inspin 180 | None BS Tabernacle | Inspin 180"",""points"":""5""}]},""config"":{""level"":""4"",""spins"":""5""}}","2022-10-20 22:35:56"
375,ToeBox,"77.23.248.12",52,"","{""tricks"":{""tricks"":[{""parsed"":""Fakie 720 Rough Sweatstance to 720 rewind out"",""orig"":""Fakie | Inspin 720 | Rough Topside Mizou | Outspin 720"",""points"":""12""},{""parsed"":""630 FS Savannah to 630 out"",""orig"":""Forwards | Outspin 630 | None FS Savannah | 630"",""points"":""10""},{""parsed"":""Switch 630 BS Royale to 810 out"",""orig"":""Switch | Inspin 630 | None BS Royale | 810"",""points"":""12""},{""parsed"":""Fakie 810 FS Full Torque"",""orig"":""Fakie | Inspin 810 | None FS Full Torque | Forwards"",""points"":""8""},{""parsed"":""Switch AO Christ Makio to 900 rewind out"",""orig"":""Switch | Inspin 180 | Christ Makio | Outspin 900"",""points"":""10""}],""skipped"":[{""parsed"":""Fakie 720 Rough Sweatstance to 720 rewind out"",""orig"":""Fakie | Inspin 720 | Rough Topside Mizou | Outspin 720"",""points"":""12""},{""parsed"":""630 FS Savannah to 630 out"",""orig"":""Forwards | Outspin 630 | None FS Savannah | 630"",""points"":""10""},{""parsed"":""Switch 630 BS Royale to 810 out"",""orig"":""Switch | Inspin 630 | None BS Royale | 810"",""points"":""12""},{""parsed"":""Fakie 810 FS Full Torque"",""orig"":""Fakie | Inspin 810 | None FS Full Torque | Forwards"",""points"":""8""},{""parsed"":""Switch AO Christ Makio to 900 rewind out"",""orig"":""Switch | Inspin 180 | Christ Makio | Outspin 900"",""points"":""10""}]},""config"":{""level"":""4"",""spins"":""5""}}","2022-10-20 22:42:26"
385,Ninja,"172.58.56.250",13,"","{""tricks"":{""tricks"":[{""parsed"":""AO Soul"",""orig"":""Forwards | Inspin 180 | Soul"",""points"":""2""},{""parsed"":""FS Full Torque"",""orig"":""Forwards | FS Full Torque | Forwards"",""points"":""2""},{""parsed"":""True PStar to 180 rewind out"",""orig"":""Forwards | Outspin 180 | PStar | Inspin 180"",""points"":""4""},{""parsed"":""BS Fastslide to Fakie out"",""orig"":""Forwards | BS Fastslide | Fakie"",""points"":""3""},{""parsed"":""Mizou to 180 out"",""orig"":""Forwards | Mizou | Inspin 180"",""points"":""2""}],""skipped"":[{""parsed"":""AO Soul"",""orig"":""Forwards | Inspin 180 | Soul"",""points"":""2""},{""parsed"":""FS Full Torque"",""orig"":""Forwards | FS Full Torque | Forwards"",""points"":""2""},{""parsed"":""True PStar to 180 rewind out"",""orig"":""Forwards | Outspin 180 | PStar | Inspin 180"",""points"":""4""},{""parsed"":""BS Fastslide to Fakie out"",""orig"":""Forwards | BS Fastslide | Fakie"",""points"":""3""},{""parsed"":""Mizou to 180 out"",""orig"":""Forwards | Mizou | Inspin 180"",""points"":""2""}]},""config"":{""level"":""1"",""spins"":""5""}}","2022-11-23 09:22:10"
395,Mike,"31.44.85.254",40,"","{""tricks"":{""tricks"":[{""parsed"":""Halfcab Tough Training Wheel to 900 rewind out"",""orig"":""Fakie | Inspin 180 | Tough Training Wheel | Outspin 900"",""points"":""11""},{""parsed"":""Switch Halfcab Top Torque Soul to 180 out"",""orig"":""Fakie & Switch | Inspin 180 | Topside Torque Soul | Inspin 180"",""points"":""8""},{""parsed"":""Fakie 630 Cross-Grab BS Fastslide to Fakie out"",""orig"":""Fakie | Inspin 630 | Cross-Grab BS Fastslide | Fakie"",""points"":""10""},{""parsed"":""AO Negative Mizou to 180 out"",""orig"":""Forwards | Inspin 180 | Negative Mizou | Inspin 180"",""points"":""5""},{""parsed"":""True Halfcab Rough Open Book"",""orig"":""Fakie | Outspin 180 | Rough Open Book"",""points"":""6""}],""skipped"":[{""parsed"":""Halfcab Tough Training Wheel to 900 rewind out"",""orig"":""Fakie | Inspin 180 | Tough Training Wheel | Outspin 900"",""points"":""11""},{""parsed"":""Switch Halfcab Top Torque Soul to 180 out"",""orig"":""Fakie & Switch | Inspin 180 | Topside Torque Soul | Inspin 180"",""points"":""8""},{""parsed"":""Fakie 630 Cross-Grab BS Fastslide to Fakie out"",""orig"":""Fakie | Inspin 630 | Cross-Grab BS Fastslide | Fakie"",""points"":""10""},{""parsed"":""AO Negative Mizou to 180 out"",""orig"":""Forwards | Inspin 180 | Negative Mizou | Inspin 180"",""points"":""5""},{""parsed"":""True Halfcab Rough Open Book"",""orig"":""Fakie | Outspin 180 | Rough Open Book"",""points"":""6""}]},""config"":{""level"":""4"",""spins"":""5""}}","2022-12-02 12:34:19"
405,Mike,"31.44.85.254",43,"","{""tricks"":{""tricks"":[{""parsed"":""AO Soul to 900 rewind out"",""orig"":""Forwards | Inspin 180 | None Soul | Outspin 900"",""points"":""7""},{""parsed"":""Fakie 900 FS Wheelbarrow to 180 rewind out"",""orig"":""Fakie | Inspin 900 | None FS Wheelbarrow | Outspin 180 "",""points"":""9""},{""parsed"":""Switch True Fullcab Top Acid to 540 out"",""orig"":""Fakie & Switch | Outspin 360 | Topside Acid | Outspin 540"",""points"":""10""},{""parsed"":""900 Hurricane Rocket Makio to 900 rewind out"",""orig"":""Forwards | Outspin 900 | Rocket Makio | Inspin 900"",""points"":""13""},{""parsed"":""Switch Sunny Day"",""orig"":""Switch | Topside PStar"",""points"":""4""}],""skipped"":[{""parsed"":""AO Soul to 900 rewind out"",""orig"":""Forwards | Inspin 180 | None Soul | Outspin 900"",""points"":""7""},{""parsed"":""Fakie 900 FS Wheelbarrow to 180 rewind out"",""orig"":""Fakie | Inspin 900 | None FS Wheelbarrow | Outspin 180 "",""points"":""9""},{""parsed"":""Switch True Fullcab Top Acid to 540 out"",""orig"":""Fakie & Switch | Outspin 360 | Topside Acid | Outspin 540"",""points"":""10""},{""parsed"":""900 Hurricane Rocket Makio to 900 rewind out"",""orig"":""Forwards | Outspin 900 | Rocket Makio | Inspin 900"",""points"":""13""},{""parsed"":""Switch Sunny Day"",""orig"":""Switch | Topside PStar"",""points"":""4""}]},""config"":{""level"":""4"",""spins"":""5""}}","2022-12-02 12:38:00"
415,SyeahFossil,"94.66.59.34",12,"","{""tricks"":{""tricks"":[{""parsed"":""Makio to 180 out"",""orig"":""Forwards | Makio | Outspin 180 "",""points"":""2""},{""parsed"":""PStar"",""orig"":""Forwards | PStar"",""points"":""2""},{""parsed"":""BS Torque"",""orig"":""Forwards | BS Torque | Forwards"",""points"":""2""},{""parsed"":""FS Pudslide"",""orig"":""Forwards | FS Pudslide | Forwards"",""points"":""3""},{""parsed"":""BS Fastslide"",""orig"":""Forwards | BS Fastslide | Forwards"",""points"":""3""}],""skipped"":[{""parsed"":""Makio to 180 out"",""orig"":""Forwards | Makio | Outspin 180 "",""points"":""2""},{""parsed"":""PStar"",""orig"":""Forwards | PStar"",""points"":""2""},{""parsed"":""BS Torque"",""orig"":""Forwards | BS Torque | Forwards"",""points"":""2""},{""parsed"":""FS Pudslide"",""orig"":""Forwards | FS Pudslide | Forwards"",""points"":""3""},{""parsed"":""BS Fastslide"",""orig"":""Forwards | BS Fastslide | Forwards"",""points"":""3""}]},""config"":{""level"":""1"",""spins"":""5""}}","2023-02-04 18:27:41"
425,Yo,"73.92.139.230",7,"","{""tricks"":{""tricks"":[{""parsed"":""PStar"",""orig"":""Forwards | PStar"",""points"":""2""},{""parsed"":""AO Acid"",""orig"":""Forwards | Inspin 180 | Acid"",""points"":""2""},{""parsed"":""Mizou"",""orig"":""Forwards | Mizou"",""points"":""1""},{""parsed"":""X-Grind"",""orig"":""Forwards | X-Grind"",""points"":""2""}],""skipped"":[{""parsed"":""PStar"",""orig"":""Forwards | PStar"",""points"":""2""},{""parsed"":""AO Acid"",""orig"":""Forwards | Inspin 180 | Acid"",""points"":""2""},{""parsed"":""Mizou"",""orig"":""Forwards | Mizou"",""points"":""1""},{""parsed"":""X-Grind"",""orig"":""Forwards | X-Grind"",""points"":""2""}]},""config"":{""level"":""1"",""spins"":""5""}}","2023-02-26 23:55:02"
435,Yo,"73.92.139.230",12,"","{""tricks"":{""tricks"":[{""parsed"":""FS Torque"",""orig"":""Forwards | FS Torque | Forwards"",""points"":""2""},{""parsed"":""BS Royale to Fakie out"",""orig"":""Forwards | BS Royale | Fakie"",""points"":""2""},{""parsed"":""AO Makio"",""orig"":""Forwards | Inspin 180 | Makio"",""points"":""2""},{""parsed"":""True Acid to 180 out"",""orig"":""Forwards | Outspin 180 | Acid | Outspin 180 "",""points"":""3""},{""parsed"":""AO Mizou to 180 rewind out"",""orig"":""Forwards | Inspin 180 | Mizou | Outspin 180 "",""points"":""3""}],""skipped"":[{""parsed"":""FS Torque"",""orig"":""Forwards | FS Torque | Forwards"",""points"":""2""},{""parsed"":""BS Royale to Fakie out"",""orig"":""Forwards | BS Royale | Fakie"",""points"":""2""},{""parsed"":""AO Makio"",""orig"":""Forwards | Inspin 180 | Makio"",""points"":""2""},{""parsed"":""True Acid to 180 out"",""orig"":""Forwards | Outspin 180 | Acid | Outspin 180 "",""points"":""3""},{""parsed"":""AO Mizou to 180 rewind out"",""orig"":""Forwards | Inspin 180 | Mizou | Outspin 180 "",""points"":""3""}]},""config"":{""level"":""1"",""spins"":""5""}}","2023-02-26 23:55:50"
445,Brenden,"73.180.8.90",9,"","{""tricks"":{""tricks"":[{""parsed"":""Soul"",""orig"":""Forwards | Soul"",""points"":""1""},{""parsed"":""AO Makio to 180 out"",""orig"":""Forwards | Inspin 180 | Makio | Inspin 180"",""points"":""3""},{""parsed"":""Mizou to 180 out"",""orig"":""Forwards | Mizou | Inspin 180"",""points"":""2""},{""parsed"":""X-Grind to 180 out"",""orig"":""Forwards | X-Grind | Inspin 180"",""points"":""3""}],""skipped"":[{""parsed"":""Soul"",""orig"":""Forwards | Soul"",""points"":""1""},{""parsed"":""AO Makio to 180 out"",""orig"":""Forwards | Inspin 180 | Makio | Inspin 180"",""points"":""3""},{""parsed"":""Mizou to 180 out"",""orig"":""Forwards | Mizou | Inspin 180"",""points"":""2""},{""parsed"":""X-Grind to 180 out"",""orig"":""Forwards | X-Grind | Inspin 180"",""points"":""3""}]},""config"":{""level"":""1"",""spins"":""5""}}","2023-03-22 20:54:45"
455,Bbbbnn,"190.90.39.137",3,"","{""tricks"":{""tricks"":[{""parsed"":""FS Royale to Fakie out"",""orig"":""Forwards | FS Royale | Fakie"",""points"":""2""},{""parsed"":""Makio"",""orig"":""Forwards | Makio"",""points"":""1""}],""skipped"":[{""parsed"":""FS Royale to Fakie out"",""orig"":""Forwards | FS Royale | Fakie"",""points"":""2""},{""parsed"":""Makio"",""orig"":""Forwards | Makio"",""points"":""1""}]},""config"":{""level"":""1"",""spins"":""5""}}","2023-03-29 22:51:55"
465,Grindmasterjohn,"73.11.114.231",37,"","{""tricks"":{""tricks"":[{""parsed"":""Fakie 900 Tough Top Acid to 900 out"",""orig"":""Fakie | Inspin 900 | Tough Topside Acid | Inspin 900"",""points"":""14""},{""parsed"":""True Fullcab 900 Open Book"",""orig"":""Fakie | Outspin 900 | None Open Book"",""points"":""8""},{""parsed"":""Halfcab Sweatstance"",""orig"":""Fakie | Inspin 180 | Topside Mizou"",""points"":""4""},{""parsed"":""Switch 900 AO PStar to 180 out"",""orig"":""Switch | Inspin 900 | None PStar | Inspin 180"",""points"":""9""},{""parsed"":""FS Royale to Fakie out"",""orig"":""Forwards | None FS Royale | Fakie"",""points"":""2""}],""skipped"":[{""parsed"":""Fakie 900 Tough Top Acid to 900 out"",""orig"":""Fakie | Inspin 900 | Tough Topside Acid | Inspin 900"",""points"":""14""},{""parsed"":""True Fullcab 900 Open Book"",""orig"":""Fakie | Outspin 900 | None Open Book"",""points"":""8""},{""parsed"":""Halfcab Sweatstance"",""orig"":""Fakie | Inspin 180 | Topside Mizou"",""points"":""4""},{""parsed"":""Switch 900 AO PStar to 180 out"",""orig"":""Switch | Inspin 900 | None PStar | Inspin 180"",""points"":""9""},{""parsed"":""FS Royale to Fakie out"",""orig"":""Forwards | None FS Royale | Fakie"",""points"":""2""}]},""config"":{""level"":""4"",""spins"":""5""}}","2023-04-03 18:43:20"
475,grindmasterjohn,"73.11.114.231",46,"","{""tricks"":{""tricks"":[{""parsed"":""540 Hurricane Top Sidewalk to 900 rewind out"",""orig"":""Forwards | Outspin 540 | Topside Sidewalk | Inspin 900"",""points"":""10""},{""parsed"":""Switch True Top Acid to 180 rewind out"",""orig"":""Switch | Outspin 180 | Topside Acid | Inspin 180"",""points"":""5""},{""parsed"":""720 Hurricane FS Byn Soul to 540 rewind out"",""orig"":""Forwards | Outspin 720 | None FS Byn Soul | Inspin 540"",""points"":""9""},{""parsed"":""True Fullcab 540 Sunny Day to 720 rewind out"",""orig"":""Fakie | Outspin 540 | Topside PStar | Inspin 720"",""points"":""11""},{""parsed"":""630 Christ FS Torque to 450 out"",""orig"":""Forwards | Outspin 630 | Christ FS Torque | 450"",""points"":""11""}],""skipped"":[{""parsed"":""540 Hurricane Top Sidewalk to 900 rewind out"",""orig"":""Forwards | Outspin 540 | Topside Sidewalk | Inspin 900"",""points"":""10""},{""parsed"":""Switch True Top Acid to 180 rewind out"",""orig"":""Switch | Outspin 180 | Topside Acid | Inspin 180"",""points"":""5""},{""parsed"":""720 Hurricane FS Byn Soul to 540 rewind out"",""orig"":""Forwards | Outspin 720 | None FS Byn Soul | Inspin 540"",""points"":""9""},{""parsed"":""True Fullcab 540 Sunny Day to 720 rewind out"",""orig"":""Fakie | Outspin 540 | Topside PStar | Inspin 720"",""points"":""11""},{""parsed"":""630 Christ FS Torque to 450 out"",""orig"":""Forwards | Outspin 630 | Christ FS Torque | 450"",""points"":""11""}]},""config"":{""level"":""4"",""spins"":""5""}}","2023-04-03 19:13:00"
485,grindmasterjohn,"73.11.114.231",50,"","{""tricks"":{""tricks"":[{""parsed"":""900 Hurricane Negative Acid to 180 rewind out"",""orig"":""Forwards | Outspin 900 | Negative Acid | Inspin 180"",""points"":""9""},{""parsed"":""900 AO Makio to 540 out"",""orig"":""Forwards | Inspin 900 | None Makio | Inspin 540"",""points"":""9""},{""parsed"":""AO PStar to 900 rewind out"",""orig"":""Forwards | Inspin 180 | None PStar | Outspin 900"",""points"":""8""},{""parsed"":""True Fullcab 900 Channel FS Tabernacle to 900 out"",""orig"":""Fakie | Outspin 900 | Channel FS Tabernacle | Outspin 900"",""points"":""15""},{""parsed"":""Switch 720 Hurricane Soul to 540 rewind out"",""orig"":""Switch | Outspin 720 | None Soul | Inspin 540"",""points"":""9""}],""skipped"":[{""parsed"":""900 Hurricane Negative Acid to 180 rewind out"",""orig"":""Forwards | Outspin 900 | Negative Acid | Inspin 180"",""points"":""9""},{""parsed"":""900 AO Makio to 540 out"",""orig"":""Forwards | Inspin 900 | None Makio | Inspin 540"",""points"":""9""},{""parsed"":""AO PStar to 900 rewind out"",""orig"":""Forwards | Inspin 180 | None PStar | Outspin 900"",""points"":""8""},{""parsed"":""True Fullcab 900 Channel FS Tabernacle to 900 out"",""orig"":""Fakie | Outspin 900 | Channel FS Tabernacle | Outspin 900"",""points"":""15""},{""parsed"":""Switch 720 Hurricane Soul to 540 rewind out"",""orig"":""Switch | Outspin 720 | None Soul | Inspin 540"",""points"":""9""}]},""config"":{""level"":""4"",""spins"":""5""}}","2023-04-03 19:26:21"
495,WeinerGuy,"67.168.212.119",38,"","{""tricks"":{""tricks"":[{""parsed"":""Fakie Channel BS Torque to Fakie out"",""orig"":""Fakie | Channel BS Torque | Fakie"",""points"":""5""},{""parsed"":""True Halfcab Top X-Grind to 180 rewind out"",""orig"":""Fakie | Outspin 180 | Topside X-Grind | Inspin 180"",""points"":""6""},{""parsed"":""True Fullcab 900 Mistrial"",""orig"":""Fakie | Outspin 900 | None Mistrial"",""points"":""8""},{""parsed"":""AO FS Wheelbarrow"",""orig"":""Forwards | Inspin 180 | None FS Wheelbarrow"",""points"":""3""},{""parsed"":""Fakie Switch 900 Rough Fishbrain to 900 out"",""orig"":""Fakie & Switch | Inspin 900 | Rough Topside Makio | Inspin 900"",""points"":""16""}],""skipped"":[{""parsed"":""Fakie Channel BS Torque to Fakie out"",""orig"":""Fakie | Channel BS Torque | Fakie"",""points"":""5""},{""parsed"":""True Halfcab Top X-Grind to 180 rewind out"",""orig"":""Fakie | Outspin 180 | Topside X-Grind | Inspin 180"",""points"":""6""},{""parsed"":""True Fullcab 900 Mistrial"",""orig"":""Fakie | Outspin 900 | None Mistrial"",""points"":""8""},{""parsed"":""AO FS Wheelbarrow"",""orig"":""Forwards | Inspin 180 | None FS Wheelbarrow"",""points"":""3""},{""parsed"":""Fakie Switch 900 Rough Fishbrain to 900 out"",""orig"":""Fakie & Switch | Inspin 900 | Rough Topside Makio | Inspin 900"",""points"":""16""}]},""config"":{""level"":""4"",""spins"":""5""}}","2023-04-03 23:51:05"
505,slrup,"67.168.212.119",44,"","{""tricks"":{""tricks"":[{""parsed"":""Switch Halfcab FS Darkslide to 900 rewind out"",""orig"":""Fakie & Switch | Inspin 180 | None FS Darkslide | Outspin 900"",""points"":""11""},{""parsed"":""Top X-Grind to 900 out"",""orig"":""Forwards | Topside X-Grind | Outspin 900"",""points"":""8""},{""parsed"":""Switch True Fullcab 900 Mistrial to 180 rewind out"",""orig"":""Fakie & Switch | Outspin 900 | None Mistrial | Inspin 180"",""points"":""11""},{""parsed"":""Fakie BS Pudslide to Fakie out"",""orig"":""Fakie | None BS Pudslide | Fakie"",""points"":""4""},{""parsed"":""True Halfcab Top Open Book to 900 out"",""orig"":""Fakie | Outspin 180 | Topside Open Book | Outspin 900"",""points"":""10""}],""skipped"":[{""parsed"":""Switch Halfcab FS Darkslide to 900 rewind out"",""orig"":""Fakie & Switch | Inspin 180 | None FS Darkslide | Outspin 900"",""points"":""11""},{""parsed"":""Top X-Grind to 900 out"",""orig"":""Forwards | Topside X-Grind | Outspin 900"",""points"":""8""},{""parsed"":""Switch True Fullcab 900 Mistrial to 180 rewind out"",""orig"":""Fakie & Switch | Outspin 900 | None Mistrial | Inspin 180"",""points"":""11""},{""parsed"":""Fakie BS Pudslide to Fakie out"",""orig"":""Fakie | None BS Pudslide | Fakie"",""points"":""4""},{""parsed"":""True Halfcab Top Open Book to 900 out"",""orig"":""Fakie | Outspin 180 | Topside Open Book | Outspin 900"",""points"":""10""}]},""config"":{""level"":""4"",""spins"":""5""}}","2023-04-03 23:51:54"
515,Choingos,"67.168.212.119",42,"","{""tricks"":{""tricks"":[{""parsed"":""Halfcab Negative Closed Book to 360 out"",""orig"":""Fakie | Inspin 180 | Negative Closed Book | Inspin 360"",""points"":""8""},{""parsed"":""Switch Mizou to 360 out"",""orig"":""Switch | None Mizou | Outspin 360"",""points"":""4""},{""parsed"":""810 FS Cab driver to 810 out"",""orig"":""Forwards | Inspin 810 | None FS Cab driver | 810"",""points"":""13""},{""parsed"":""Fakie Rocket FS Backslide to 270 out"",""orig"":""Fakie | Rocket FS Backslide | 270"",""points"":""7""},{""parsed"":""Switch 540 AO Negative Mistrial to 360 rewind out"",""orig"":""Switch | Inspin 540 | Negative Mistrial | Outspin 360"",""points"":""10""}],""skipped"":[{""parsed"":""Halfcab Negative Closed Book to 360 out"",""orig"":""Fakie | Inspin 180 | Negative Closed Book | Inspin 360"",""points"":""8""},{""parsed"":""Switch Mizou to 360 out"",""orig"":""Switch | None Mizou | Outspin 360"",""points"":""4""},{""parsed"":""810 FS Cab driver to 810 out"",""orig"":""Forwards | Inspin 810 | None FS Cab driver | 810"",""points"":""13""},{""parsed"":""Fakie Rocket FS Backslide to 270 out"",""orig"":""Fakie | Rocket FS Backslide | 270"",""points"":""7""},{""parsed"":""Switch 540 AO Negative Mistrial to 360 rewind out"",""orig"":""Switch | Inspin 540 | Negative Mistrial | Outspin 360"",""points"":""10""}]},""config"":{""level"":""4"",""spins"":""5""}}","2023-04-03 23:57:02"
525,Sneadlepie,"81.182.208.28",8,"","{""tricks"":{""tricks"":[{""parsed"":""Mizou"",""orig"":""Forwards | Mizou"",""points"":""1""},{""parsed"":""Backside to Fakie out"",""orig"":""Forwards | Backside | Fakie"",""points"":""1""},{""parsed"":""Acid"",""orig"":""Forwards | Acid"",""points"":""1""},{""parsed"":""Soyale to 180 out"",""orig"":""Forwards | Inspin 180 | Torque Soul | Inspin 180"",""points"":""4""},{""parsed"":""Makio"",""orig"":""Forwards | Makio"",""points"":""1""}],""skipped"":[{""parsed"":""Mizou"",""orig"":""Forwards | Mizou"",""points"":""1""},{""parsed"":""Backside to Fakie out"",""orig"":""Forwards | Backside | Fakie"",""points"":""1""},{""parsed"":""Acid"",""orig"":""Forwards | Acid"",""points"":""1""},{""parsed"":""Soyale to 180 out"",""orig"":""Forwards | Inspin 180 | Torque Soul | Inspin 180"",""points"":""4""},{""parsed"":""Makio"",""orig"":""Forwards | Makio"",""points"":""1""}]},""config"":{""level"":""4"",""spins"":""5""}}","2023-04-04 04:59:06"
535,TJ,"123.194.62.12",16,"","{""tricks"":{""tricks"":[{""parsed"":""360 Fishbrain"",""orig"":""Forwards | Inspin 360 | Topside Makio"",""points"":""4""},{""parsed"":""AO Negative Soul"",""orig"":""Forwards | Inspin 180 | Negative Soul"",""points"":""4""},{""parsed"":""Acid to 180 out"",""orig"":""Forwards | None Acid | Inspin 180"",""points"":""2""},{""parsed"":""Cross-Grab FS Torque"",""orig"":""Forwards | Cross-Grab FS Torque | Forwards"",""points"":""4""},{""parsed"":""FS Royale to Fakie out"",""orig"":""Forwards | None FS Royale | Fakie"",""points"":""2""}],""skipped"":[{""parsed"":""360 Fishbrain"",""orig"":""Forwards | Inspin 360 | Topside Makio"",""points"":""4""},{""parsed"":""AO Negative Soul"",""orig"":""Forwards | Inspin 180 | Negative Soul"",""points"":""4""},{""parsed"":""Acid to 180 out"",""orig"":""Forwards | None Acid | Inspin 180"",""points"":""2""},{""parsed"":""Cross-Grab FS Torque"",""orig"":""Forwards | Cross-Grab FS Torque | Forwards"",""points"":""4""},{""parsed"":""FS Royale to Fakie out"",""orig"":""Forwards | None FS Royale | Fakie"",""points"":""2""}]},""config"":{""level"":""2"",""spins"":""5""}}","2023-04-18 17:20:35"
545,Fran,"213.55.188.22",7,"","{""tricks"":{""tricks"":[{""parsed"":""Mistrial"",""orig"":""Forwards | Mistrial"",""points"":""2""},{""parsed"":""PStar"",""orig"":""Forwards | PStar"",""points"":""2""},{""parsed"":""Mizou to 180 out"",""orig"":""Forwards | Mizou | Inspin 180"",""points"":""2""},{""parsed"":""Acid"",""orig"":""Forwards | Acid"",""points"":""1""}],""skipped"":[{""parsed"":""Mistrial"",""orig"":""Forwards | Mistrial"",""points"":""2""},{""parsed"":""PStar"",""orig"":""Forwards | PStar"",""points"":""2""},{""parsed"":""Mizou to 180 out"",""orig"":""Forwards | Mizou | Inspin 180"",""points"":""2""},{""parsed"":""Acid"",""orig"":""Forwards | Acid"",""points"":""1""}]},""config"":{""level"":""1"",""spins"":""5""}}","2023-05-26 15:14:05"
555,Sneadlepie,"84.225.187.231",11,"","{""tricks"":{""tricks"":[{""parsed"":""Makio to 180 out"",""orig"":""Forwards | Makio | Inspin 180"",""points"":""2""},{""parsed"":""AO Soul"",""orig"":""Forwards | Inspin 180 | Soul"",""points"":""2""},{""parsed"":""Backside to Fakie out"",""orig"":""Forwards | Backside | Fakie"",""points"":""1""},{""parsed"":""True X-Grind"",""orig"":""Forwards | Outspin 180 | X-Grind"",""points"":""3""},{""parsed"":""Torque Soul to 180 out"",""orig"":""Forwards | Torque Soul | Inspin 180"",""points"":""3""}],""skipped"":[{""parsed"":""Makio to 180 out"",""orig"":""Forwards | Makio | Inspin 180"",""points"":""2""},{""parsed"":""AO Soul"",""orig"":""Forwards | Inspin 180 | Soul"",""points"":""2""},{""parsed"":""Backside to Fakie out"",""orig"":""Forwards | Backside | Fakie"",""points"":""1""},{""parsed"":""True X-Grind"",""orig"":""Forwards | Outspin 180 | X-Grind"",""points"":""3""},{""parsed"":""Torque Soul to 180 out"",""orig"":""Forwards | Torque Soul | Inspin 180"",""points"":""3""}]},""config"":{""level"":""1"",""spins"":""5""}}","2023-06-04 06:21:15"
565,Aggressive,"121.121.166.76",14,"","{""tricks"":{""tricks"":[{""parsed"":""AO Mistrial"",""orig"":""Forwards | Inspin 180 | None Mistrial"",""points"":""3""},{""parsed"":""FS Royale"",""orig"":""Forwards | None FS Royale | Forwards"",""points"":""2""},{""parsed"":""Torque Soul"",""orig"":""Forwards | None Torque Soul"",""points"":""2""},{""parsed"":""AO X-Grind"",""orig"":""Forwards | Inspin 180 | None X-Grind"",""points"":""3""},{""parsed"":""360 FS Byn Soul"",""orig"":""Forwards | Inspin 360 | None FS Byn Soul"",""points"":""4""}],""skipped"":[{""parsed"":""AO Mistrial"",""orig"":""Forwards | Inspin 180 | None Mistrial"",""points"":""3""},{""parsed"":""FS Royale"",""orig"":""Forwards | None FS Royale | Forwards"",""points"":""2""},{""parsed"":""Torque Soul"",""orig"":""Forwards | None Torque Soul"",""points"":""2""},{""parsed"":""AO X-Grind"",""orig"":""Forwards | Inspin 180 | None X-Grind"",""points"":""3""},{""parsed"":""360 FS Byn Soul"",""orig"":""Forwards | Inspin 360 | None FS Byn Soul"",""points"":""4""}]},""config"":{""level"":""2"",""spins"":""5""}}","2023-06-19 08:10:54"
575,cm,"46.114.152.80",16,"","{""tricks"":{""tricks"":[{""parsed"":""FS Savannah"",""orig"":""Forwards | None FS Savannah | Forwards"",""points"":""2""},{""parsed"":""AO Negative PStar to 180 out"",""orig"":""Forwards | Inspin 180 | Negative PStar | Inspin 180"",""points"":""6""},{""parsed"":""Top Soyale to 180 out"",""orig"":""Forwards | Inspin 180 | Topside Torque Soul | Inspin 180"",""points"":""5""},{""parsed"":""Top Acid to 180 out"",""orig"":""Forwards | Topside Acid | Outspin 180 "",""points"":""3""}],""skipped"":[{""parsed"":""FS Savannah"",""orig"":""Forwards | None FS Savannah | Forwards"",""points"":""2""},{""parsed"":""AO Negative PStar to 180 out"",""orig"":""Forwards | Inspin 180 | Negative PStar | Inspin 180"",""points"":""6""},{""parsed"":""Top Soyale to 180 out"",""orig"":""Forwards | Inspin 180 | Topside Torque Soul | Inspin 180"",""points"":""5""},{""parsed"":""Top Acid to 180 out"",""orig"":""Forwards | Topside Acid | Outspin 180 "",""points"":""3""}]},""config"":{""level"":""4"",""spins"":""5""}}","2023-06-23 17:49:02"
585,cm,"46.114.156.14",15,"","{""tricks"":{""tricks"":[{""parsed"":""Switch Fishbrain"",""orig"":""Switch | Topside Makio"",""points"":""3""},{""parsed"":""Sunny Day to 180 out"",""orig"":""Forwards | Topside PStar | Inspin 180"",""points"":""4""},{""parsed"":""Fakie FS Full Torque"",""orig"":""Fakie | None FS Full Torque | Forwards"",""points"":""3""},{""parsed"":""FS Torque to Fakie out"",""orig"":""Forwards | None FS Torque | Fakie"",""points"":""2""},{""parsed"":""Switch Mizou to 180 out"",""orig"":""Switch | None Mizou | Inspin 180"",""points"":""3""}],""skipped"":[{""parsed"":""Switch Fishbrain"",""orig"":""Switch | Topside Makio"",""points"":""3""},{""parsed"":""Sunny Day to 180 out"",""orig"":""Forwards | Topside PStar | Inspin 180"",""points"":""4""},{""parsed"":""Fakie FS Full Torque"",""orig"":""Fakie | None FS Full Torque | Forwards"",""points"":""3""},{""parsed"":""FS Torque to Fakie out"",""orig"":""Forwards | None FS Torque | Fakie"",""points"":""2""},{""parsed"":""Switch Mizou to 180 out"",""orig"":""Switch | None Mizou | Inspin 180"",""points"":""3""}]},""config"":{""level"":""4"",""spins"":""5""}}","2023-06-26 15:47:43"
595,cm,"46.114.156.14",14,"","{""tricks"":{""tricks"":[{""parsed"":""Negative Mizou to 180 out"",""orig"":""Forwards | Negative Mizou | Inspin 180"",""points"":""4""},{""parsed"":""Switch Frontside to Fakie out"",""orig"":""Switch | None Frontside | Fakie"",""points"":""2""},{""parsed"":""Halfcab BS Byn Soul to 180 out"",""orig"":""Fakie | Inspin 180 | None BS Byn Soul | Inspin 180"",""points"":""5""},{""parsed"":""AO Hot Dog"",""orig"":""Forwards | Inspin 180 | None Hot Dog"",""points"":""3""}],""skipped"":[{""parsed"":""Negative Mizou to 180 out"",""orig"":""Forwards | Negative Mizou | Inspin 180"",""points"":""4""},{""parsed"":""Switch Frontside to Fakie out"",""orig"":""Switch | None Frontside | Fakie"",""points"":""2""},{""parsed"":""Halfcab BS Byn Soul to 180 out"",""orig"":""Fakie | Inspin 180 | None BS Byn Soul | Inspin 180"",""points"":""5""},{""parsed"":""AO Hot Dog"",""orig"":""Forwards | Inspin 180 | None Hot Dog"",""points"":""3""}]},""config"":{""level"":""4"",""spins"":""5""}}","2023-06-26 16:11:23"
605,Bartek,"146.241.186.33",10,"","{""tricks"":{""tricks"":[{""parsed"":""AO PStar"",""orig"":""Forwards | Inspin 180 | PStar"",""points"":""3""},{""parsed"":""AO Soul"",""orig"":""Forwards | Inspin 180 | Soul"",""points"":""2""},{""parsed"":""Torque Soul"",""orig"":""Forwards | Torque Soul"",""points"":""2""},{""parsed"":""True Acid to 180 rewind out"",""orig"":""Forwards | Outspin 180 | Acid | Inspin 180"",""points"":""3""}],""skipped"":[{""parsed"":""AO PStar"",""orig"":""Forwards | Inspin 180 | PStar"",""points"":""3""},{""parsed"":""AO Soul"",""orig"":""Forwards | Inspin 180 | Soul"",""points"":""2""},{""parsed"":""Torque Soul"",""orig"":""Forwards | Torque Soul"",""points"":""2""},{""parsed"":""True Acid to 180 rewind out"",""orig"":""Forwards | Outspin 180 | Acid | Inspin 180"",""points"":""3""}]},""config"":{""level"":""1"",""spins"":""5""}}","2023-07-04 08:03:31"
615,Storm,"87.49.147.25",10,"","{""tricks"":{""tricks"":[{""parsed"":""AO Acid"",""orig"":""Forwards | Inspin 180 | Acid"",""points"":""2""},{""parsed"":""AO Makio to 180 out"",""orig"":""Forwards | Inspin 180 | Makio | Inspin 180"",""points"":""3""},{""parsed"":""FS Torque to Fakie out"",""orig"":""Forwards | FS Torque | Fakie"",""points"":""2""},{""parsed"":""Frontside to Fakie out"",""orig"":""Forwards | Frontside | Fakie"",""points"":""1""},{""parsed"":""BS Torque"",""orig"":""Forwards | BS Torque | Forwards"",""points"":""2""}],""skipped"":[{""parsed"":""AO Acid"",""orig"":""Forwards | Inspin 180 | Acid"",""points"":""2""},{""parsed"":""AO Makio to 180 out"",""orig"":""Forwards | Inspin 180 | Makio | Inspin 180"",""points"":""3""},{""parsed"":""FS Torque to Fakie out"",""orig"":""Forwards | FS Torque | Fakie"",""points"":""2""},{""parsed"":""Frontside to Fakie out"",""orig"":""Forwards | Frontside | Fakie"",""points"":""1""},{""parsed"":""BS Torque"",""orig"":""Forwards | BS Torque | Forwards"",""points"":""2""}]},""config"":{""level"":""1"",""spins"":""5""}}","2023-07-29 14:06:07"
625,Storm,"2.131.156.243",14,"","{""tricks"":{""tricks"":[{""parsed"":""Cloudy Night to 180 out"",""orig"":""Forwards | Inspin 180 | Topside PStar | Inspin 180"",""points"":""5""},{""parsed"":""Fakie Grab FS Fastslide to Fakie out"",""orig"":""Fakie | Grab FS Fastslide | Fakie"",""points"":""5""},{""parsed"":""Halfcab Mizou to 180 out"",""orig"":""Fakie | Inspin 180 | None Mizou | Inspin 180"",""points"":""4""}],""skipped"":[{""parsed"":""Cloudy Night to 180 out"",""orig"":""Forwards | Inspin 180 | Topside PStar | Inspin 180"",""points"":""5""},{""parsed"":""Fakie Grab FS Fastslide to Fakie out"",""orig"":""Fakie | Grab FS Fastslide | Fakie"",""points"":""5""},{""parsed"":""Halfcab Mizou to 180 out"",""orig"":""Fakie | Inspin 180 | None Mizou | Inspin 180"",""points"":""4""}]},""config"":{""level"":""4"",""spins"":""4""}}","2023-08-04 14:35:43"
635,Trb4twoCrew,"174.192.15.114",6,"","{""tricks"":{""tricks"":[{""parsed"":""FS Royale to Fakie out"",""orig"":""Forwards | FS Royale | Fakie"",""points"":""2""},{""parsed"":""Frontside to Fakie out"",""orig"":""Forwards | Frontside | Fakie"",""points"":""1""},{""parsed"":""Mizou"",""orig"":""Forwards | Mizou"",""points"":""1""},{""parsed"":""FS Unity to Fakie out"",""orig"":""Forwards | FS Unity | Fakie"",""points"":""2""}],""skipped"":[{""parsed"":""FS Royale to Fakie out"",""orig"":""Forwards | FS Royale | Fakie"",""points"":""2""},{""parsed"":""Frontside to Fakie out"",""orig"":""Forwards | Frontside | Fakie"",""points"":""1""},{""parsed"":""Mizou"",""orig"":""Forwards | Mizou"",""points"":""1""},{""parsed"":""FS Unity to Fakie out"",""orig"":""Forwards | FS Unity | Fakie"",""points"":""2""}]},""config"":{""level"":""1"",""spins"":""5""}}","2023-08-19 23:00:00"
645,Trb4twoCrew,"71.233.190.226",7,"","{""tricks"":{""tricks"":[{""parsed"":""Soul"",""orig"":""Forwards | Soul"",""points"":""1""},{""parsed"":""BS Backslide to Fakie out"",""orig"":""Forwards | BS Backslide | Fakie"",""points"":""2""},{""parsed"":""FS Backslide to Fakie out"",""orig"":""Forwards | FS Backslide | Fakie"",""points"":""2""},{""parsed"":""Acid to 180 out"",""orig"":""Forwards | Acid | Inspin 180"",""points"":""2""}],""skipped"":[{""parsed"":""Soul"",""orig"":""Forwards | Soul"",""points"":""1""},{""parsed"":""BS Backslide to Fakie out"",""orig"":""Forwards | BS Backslide | Fakie"",""points"":""2""},{""parsed"":""FS Backslide to Fakie out"",""orig"":""Forwards | FS Backslide | Fakie"",""points"":""2""},{""parsed"":""Acid to 180 out"",""orig"":""Forwards | Acid | Inspin 180"",""points"":""2""}]},""config"":{""level"":""1"",""spins"":""5""}}","2023-08-20 23:42:52"
655,mike,"95.94.94.84",34,"","{""tricks"":{""tricks"":[{""parsed"":""FS Torque"",""orig"":""Forwards | None FS Torque | Forwards"",""points"":""2""},{""parsed"":""True Fullcab Mizou to 720 out"",""orig"":""Fakie | Outspin 360 | None Mizou | Outspin 720"",""points"":""8""},{""parsed"":""540 Cloudy Night to 360 rewind out"",""orig"":""Forwards | Inspin 540 | Topside PStar | Outspin 360"",""points"":""8""},{""parsed"":""Switch 360 Stub Soul"",""orig"":""Switch | Inspin 360 | Negative X-Grind"",""points"":""7""},{""parsed"":""Switch AO Top Citric Acid to 540 out"",""orig"":""Switch | Inspin 180 | Topside Citric Acid | Inspin 540"",""points"":""9""}],""skipped"":[{""parsed"":""FS Torque"",""orig"":""Forwards | None FS Torque | Forwards"",""points"":""2""},{""parsed"":""True Fullcab Mizou to 720 out"",""orig"":""Fakie | Outspin 360 | None Mizou | Outspin 720"",""points"":""8""},{""parsed"":""540 Cloudy Night to 360 rewind out"",""orig"":""Forwards | Inspin 540 | Topside PStar | Outspin 360"",""points"":""8""},{""parsed"":""Switch 360 Stub Soul"",""orig"":""Switch | Inspin 360 | Negative X-Grind"",""points"":""7""},{""parsed"":""Switch AO Top Citric Acid to 540 out"",""orig"":""Switch | Inspin 180 | Topside Citric Acid | Inspin 540"",""points"":""9""}]},""config"":{""level"":""3"",""spins"":""5""}}","2023-08-23 08:16:30"
665,test,"185.110.90.25, 172.71.142.118, 10.204.155.22",5,"","{""tricks"":{""tricks"":[{""parsed"":""AO Mistrial"",""orig"":""Forwards | Inspin 180 | Mistrial"",""points"":""3""},{""parsed"":""AO Makio"",""orig"":""Forwards | Inspin 180 | Makio"",""points"":""2""}],""skipped"":[{""parsed"":""AO Mistrial"",""orig"":""Forwards | Inspin 180 | Mistrial"",""points"":""3""},{""parsed"":""AO Makio"",""orig"":""Forwards | Inspin 180 | Makio"",""points"":""2""}]},""config"":{""level"":""1"",""spins"":""5""}}","2023-10-14 17:12:46"
